City,Country,Lat,Lng,Temperature,Humidity,Cloudiness,Wind (MPH)
Vaini,TO,-21.2,-175.2,69.80000000000001,94,20,1.54
Tasiilaq,GL,65.6145,-37.6368,21.2,68,20,2.06
Itarema,BR,-2.9248,-39.9167,83.28200000000001,74,91,7.61
Hobart,AU,-42.8794,147.3294,50.774000000000015,71,8,4.12
Rikitea,PF,-23.1203,-134.9692,76.19000000000003,65,27,1.05
El Alto,PE,-4.2714,-81.2147,91.4,49,0,6.17
Hong Kong,HK,22.2855,114.1577,67.316,83,100,0.89
Atuona,PF,-9.8,-139.0333,80.78000000000004,75,0,7.26
Khatanga,RU,71.9667,102.5,-24.699999999999953,100,100,1.18
Mataura,NZ,-46.1927,168.8643,39.992,95,0,0.45
Chokurdakh,RU,70.6333,147.9167,-12.063999999999986,95,100,2.13
Bethel,US,41.3712,-73.414,70.28600000000007,37,1,3.09
Bukama,CD,-9.2,25.85,68.9,95,26,1.13
Cabo San Lucas,MX,22.8909,-109.9124,84.56000000000009,47,40,3.6
Deputatsky,RU,69.3,139.9,-20.073999999999963,99,82,1.25
Puerto Ayora,EC,-0.7393,-90.3518,84.12800000000007,66,20,6.17
Busselton,AU,-33.65,115.3333,47.73200000000001,90,0,6.5
Hilo,US,19.7297,-155.09,68.684,68,75,4.12
Punta Arenas,CL,-53.15,-70.9167,50.0,53,75,11.83
Bubaque,GW,11.2833,-15.8333,77.19800000000004,74,14,8.49
New Norfolk,AU,-42.7826,147.0587,49.31600000000001,63,15,0.89
Ushuaia,AR,-54.8,-68.3,44.6,76,40,13.38
Beisfjord,NO,68.3751,17.5988,28.4,74,40,1.54
Vanimo,PG,-2.6741,141.3028,77.14400000000008,89,100,1.88
Barrow,US,71.2906,-156.7887,-16.59999999999995,63,90,3.6
Oistins,BB,13.0667,-59.5333,86.0,54,40,6.17
Bredasdorp,ZA,-34.5322,20.0403,57.2,94,4,1.54
Qaanaaq,GL,77.484,-69.3632,11.732000000000017,71,100,1.07
Zyryanka,RU,65.75,150.85,9.662000000000056,95,100,3.79
Tuatapere,NZ,-46.1333,167.6833,39.992,95,5,0.45
Lac du Bonnet,CA,50.2536,-96.0612,48.00200000000008,99,100,4.02
Auki,SB,-8.7676,160.7034,75.72200000000004,85,100,2.24
Souillac,MU,-20.5167,57.5167,78.80000000000001,78,40,6.69
Hithadhoo,MV,-0.6,73.0833,82.90400000000005,68,14,6.59
Los Llanos de Aridane,ES,28.6585,-17.9182,65.69600000000005,78,40,2.64
Avarua,CK,-21.2078,-159.775,77.0,94,75,2.57
Zhigansk,RU,66.7697,123.3711,15.583999999999993,94,100,6.25
Lagoa,PT,39.05,-27.9833,59.03600000000007,87,4,9.69
Yulara,AU,-25.2406,130.9889,62.6,48,10,1.54
Iqaluit,CA,63.7506,-68.5145,37.4,65,90,2.57
Bambous Virieux,MU,-20.3428,57.7575,79.358,78,40,6.69
Kapaa,US,22.0752,-159.319,72.14000000000001,53,1,7.72
Santa Isabel,BR,-23.3156,-46.2214,78.29600000000005,41,0,5.14
Baruun-Urt,MN,46.6806,113.2792,40.766000000000005,29,88,2.74
Dikson,RU,73.5069,80.5464,0.9860000000000184,79,12,5.61
Mihail Kogălniceanu,RO,44.3667,28.45,39.110000000000085,60,0,2.57
San Patricio,US,28.017,-97.5169,90.01400000000004,55,1,4.12
Torbay,CA,47.6666,-52.7314,39.110000000000085,100,90,6.69
Talara,PE,-4.5772,-81.2719,91.4,49,0,6.17
Varnavino,RU,57.4035,45.0916,35.13200000000002,79,100,7.16
Portland,US,45.5234,-122.6762,49.08200000000002,57,75,4.63
Tiksi,RU,71.6872,128.8694,-15.987999999999943,100,100,2.99
Beruwala,LK,6.4788,79.9828,78.65600000000003,79,32,0.83
Hermanus,ZA,-34.4187,19.2345,59.0,89,6,1.25
Kaduqli,SD,11.0167,29.7167,90.44600000000005,9,22,1.64
Upernavik,GL,72.7868,-56.1549,24.494000000000074,66,100,3.33
Nome,US,64.5011,-165.4064,-10.299999999999947,64,1,4.63
Arraial do Cabo,BR,-22.9661,-42.0278,77.77400000000002,78,40,5.14
Kautokeino,NO,69.0125,23.0412,1.2560000000000286,99,12,1.71
Bluff,NZ,-46.6,168.3333,39.992,95,9,0.45
Garissa,KE,-0.4536,39.6401,82.61600000000001,66,10,8.34
Bauchi,NG,10.5,10.0,89.61800000000008,11,99,2.39
Lebu,CL,-37.6167,-73.65,60.116000000000014,67,6,3.02
Constitución,CL,-35.3333,-72.4167,63.30200000000008,65,8,2.98
Inta,RU,66.0317,60.1659,37.742,81,26,7.39
Te Anau,NZ,-45.4167,167.7167,44.492,91,21,1.2
Chui,UY,-33.6971,-53.4616,79.66400000000004,58,100,3.81
Bambanglipuro,ID,-7.95,110.2833,76.40600000000003,91,100,2.38
Jamestown,US,42.097,-79.2353,72.10400000000006,35,1,6.17
Awjilah,LY,29.1081,21.2869,73.81400000000004,18,0,4.39
Talcahuano,CL,-36.7167,-73.1167,59.0,94,90,4.63
Pevek,RU,69.7008,170.3133,-23.691999999999943,98,65,1.29
Kisangani,CD,0.5167,25.2,71.67200000000004,85,100,1.12
Albany,US,42.6001,-73.9662,70.91600000000001,29,12,2.61
Port Alfred,ZA,-33.5906,26.891,67.334,86,81,2.38
Isangel,VU,-19.55,169.2667,77.25200000000008,78,100,4.19
Cape Town,ZA,-33.9258,18.4232,64.22000000000006,77,0,5.66
Panji,ID,-7.7253,114.0995,75.02000000000007,86,100,1.73
Grand Gaube,MU,-20.0064,57.6608,80.00600000000003,74,100,2.68
Husavik,IS,66.0449,-17.3389,21.2,86,90,7.72
Nogales,MX,31.3086,-110.9422,81.82400000000001,9,1,7.2
Pemangkat,ID,1.1667,108.9667,77.82800000000006,85,94,2.6
Aklavik,CA,68.2191,-135.0107,-9.399999999999949,70,75,9.26
Mount Gambier,AU,-37.8333,140.7667,51.8,76,40,3.09
Kinablangan,PH,7.6947,126.5503,75.434,92,100,1.06
Batagay,RU,67.6333,134.6333,-10.137999999999941,98,100,1.01
Rāwah,IQ,34.4816,41.9093,76.44200000000001,24,0,1.07
Faanui,PF,-16.4833,-151.75,81.734,70,19,5.31
George Town,MY,5.4112,100.3354,79.52000000000007,88,20,1.54
Mar del Plata,AR,-38.0023,-57.5575,64.13000000000005,94,90,5.14
Oktyabr'skoye,RU,43.0645,44.7417,55.20200000000008,67,7,1.0
Līsakovsk,KZ,52.5369,62.4936,29.624000000000013,95,18,2.82
Dawei,MM,14.0833,98.2,76.64000000000001,84,19,0.94
Hasaki,JP,35.7333,140.8333,47.73200000000001,76,75,5.66
Butaritari,KI,3.0707,172.7902,81.86000000000008,79,19,7.71
Novikovo,RU,51.1537,37.8879,38.69600000000005,58,100,2.64
Nikolskoye,RU,59.7035,30.7861,35.88800000000005,64,0,4.0
Gijang,KR,35.2442,129.2139,50.0,81,0,2.06
Concarneau,FR,47.875,-3.9225,46.4,66,0,1.03
Qasigiannguit,GL,68.8193,-51.1922,33.8,75,75,7.2
Cherskiy,RU,68.75,161.3,-12.72999999999994,99,66,2.8
Saint-Philippe,RE,-21.3585,55.7679,79.52000000000007,74,40,1.54
Cairns,AU,-16.9167,145.7667,71.29400000000007,94,100,1.8
Mosquera,CO,4.7059,-74.2302,64.4,63,75,2.57
Havøysund,NO,70.9963,24.6622,26.654000000000053,74,20,1.03
Waterloo,CA,43.4668,-80.5164,72.55400000000006,40,1,6.17
Nevşehir,TR,38.9167,34.6667,51.8,37,75,2.57
Charters Towers,AU,-20.1,146.2667,68.77400000000002,92,97,0.91
Provideniya,RU,64.3833,-173.3,-6.609999999999978,92,56,1.3
Tara,RU,56.8944,74.371,31.478000000000065,91,41,3.95
Ola,RU,59.5833,151.2833,4.514000000000031,84,15,4.6
General Pico,AR,-35.6566,-63.7568,72.08600000000007,82,100,3.47
Ponta do Sol,PT,32.6667,-17.1,59.108000000000004,82,99,0.89
Buraidah,SA,26.326,43.975,87.80000000000001,20,0,2.06
Tshikapa,CD,-6.4167,20.8,71.09600000000006,94,100,0.94
Boende,CD,-0.2167,20.8667,68.28800000000004,96,100,0.32
Vila,PT,42.0304,-8.1588,58.08200000000002,77,0,4.63
Yellowknife,CA,62.456,-114.3525,8.149999999999999,66,75,8.23
Leningradskiy,RU,69.3833,178.4167,-19.47999999999994,94,22,2.15
Poya,NC,-21.35,165.15,74.76800000000009,89,100,4.26
Lüderitz,NA,-26.6481,15.1594,70.17800000000007,61,0,5.27
Nouadhibou,MR,20.931,-17.0347,73.4,56,0,8.75
Marand,IR,38.4329,45.7749,57.2,41,40,1.15
Fortuna,US,40.5982,-124.1573,54.01400000000004,66,40,7.2
Guerrero Negro,MX,27.9769,-114.0611,75.47000000000006,47,0,8.34
Ahipara,NZ,-35.1667,173.1667,61.898000000000025,87,100,3.27
Touros,BR,-5.1989,-35.4608,84.25400000000005,66,52,8.23
Flin Flon,CA,54.7682,-101.865,50.0,37,90,6.17
Saint George,US,37.1041,-113.5841,74.51600000000002,13,1,6.18
Havre-St-Pierre,CA,50.2334,-63.5986,48.2,66,90,3.09
Fare,PF,-16.7,-151.0167,81.01400000000004,74,10,5.12
Arrondissement de Sarreguemines,FR,49.0833,7.3333,43.64600000000005,52,0,1.54
Carnarvon,AU,-24.8667,113.6333,75.2,78,40,6.69
Mbekenyera,TZ,-10.0,38.9833,70.484,91,12,1.75
Norman Wells,CA,65.282,-126.8329,5.0,56,75,5.66
Mahon,ES,39.8885,4.2658,51.8,62,20,3.09
Pangnirtung,CA,66.1451,-65.7125,28.4,86,90,7.2
Saskylakh,RU,71.9167,114.0833,-13.107999999999954,99,100,3.1
Sevierville,US,35.8681,-83.5618,67.71200000000006,88,75,2.57
Mayor Pablo Lagerenza,PY,-19.9309,-60.7718,90.15800000000002,46,98,3.04
Santa Marta,CO,11.2408,-74.199,86.0,71,100,0.45
Dunedin,NZ,-45.8742,170.5036,50.0,95,0,0.89
São Filipe,CV,14.8961,-24.4956,75.86600000000001,62,4,3.61
Karratha,AU,-20.7377,116.8463,83.24600000000005,71,75,6.22
Cockburn Town,TC,21.4612,-71.1419,74.066,65,100,6.19
Laas,IT,46.6166,10.7002,43.25,37,0,1.54
Atar,MR,20.5169,-13.0499,98.60000000000001,16,0,3.09
Saint Paul Harbor,US,57.79,-152.4072,33.8,60,40,7.72
Udala,ES,43.0778,-2.5125,65.26400000000004,58,0,2.57
Wiwilí,NI,13.6268,-85.8254,82.4,54,40,6.17
Mafeteng,LS,-29.823,27.2374,61.39400000000008,43,4,2.07
Petropavlovsk-Kamchatskiy,RU,53.0452,158.6483,30.2,86,90,7.0
Arvika,SE,59.6553,12.5852,34.84400000000007,80,40,7.2
Marsá Maţrūḩ,EG,31.3525,27.2453,62.6,77,0,4.12
Wangkui,CN,46.8333,126.5,31.37000000000006,42,8,0.86
Pontianak,ID,-0.0333,109.3333,77.0,94,90,1.54
Sitka,US,57.0531,-135.33,33.8,86,90,9.77
Varhaug,NO,58.6147,5.6457,41.99000000000002,96,100,0.89
Ulladulla,AU,-35.35,150.4667,64.20200000000008,82,100,4.63
Mahébourg,MU,-20.4081,57.7,78.80000000000001,78,40,6.69
Airai,TL,-8.9266,125.4092,58.73000000000005,91,71,0.75
Longyearbyen,SJ,78.2186,15.6401,26.6,68,20,5.14
Khovd,MN,48.0056,91.6419,41.19800000000002,29,11,2.15
Sept-Îles,CA,50.2001,-66.3821,46.562000000000054,66,100,2.06
Vágur,FO,61.4732,-6.8119,32.55800000000001,67,100,16.7
Turukhansk,RU,65.8167,87.9833,26.420000000000062,96,100,2.25
Thompson,CA,55.7435,-97.8558,51.8,35,40,5.14
Camalú,MX,30.85,-116.0667,73.85,44,8,6.96
Pacific Grove,US,36.6177,-121.9166,54.89600000000005,58,40,3.6
Coos Bay,US,43.3665,-124.2179,49.280000000000044,71,90,3.09
Stonewall,CA,50.1344,-97.3268,50.233999999999995,50,75,7.2
Qui Nhon,VN,13.7667,109.2333,74.174,90,19,2.7
Mounana,GA,-1.4085,13.1586,78.80000000000001,94,40,2.06
Mirny,RU,62.5353,113.9611,17.00600000000003,93,100,3.93
Puerto del Rosario,ES,28.5004,-13.8627,69.80000000000001,73,20,2.57
Henties Bay,NA,-22.116,14.2845,68.77400000000002,65,0,3.56
Port Augusta,AU,-32.5,137.7667,68.0,83,40,8.23
Pisco,PE,-13.7,-76.2167,72.80600000000004,68,0,3.6
Baiyin,CN,36.5583,104.2081,50.19800000000002,87,75,5.0
Balkanabat,TM,39.5108,54.3671,76.65800000000002,24,0,3.17
Calabar,NG,4.9517,8.322,79.484,89,100,2.79
Ribeira Grande,PT,38.5167,-28.7,62.6,72,40,8.23
Dhidhdhoo,MV,6.8833,73.1,82.70600000000003,73,23,3.69
Pimenta Bueno,BR,-11.6725,-61.1936,84.18200000000002,72,96,1.62
Toora-Khem,RU,52.4675,96.11,27.17600000000009,94,75,0.71
Pedernales,DO,18.0384,-71.744,81.91400000000004,68,100,2.84
Lianyuan,CN,27.6883,111.6642,52.46600000000001,93,24,1.06
Port Elizabeth,ZA,-33.918,25.5701,64.4,94,0,2.06
Hopkinsville,US,36.8656,-87.4886,67.78399999999999,40,1,11.32
Kaeo,NZ,-35.1,173.7833,62.00600000000003,94,100,0.45
Lompoc,US,34.6391,-120.4579,59.41400000000003,59,14,6.17
Sarankhola,BD,22.3082,89.7897,76.29800000000003,85,0,3.49
Fayaoué,NC,-20.65,166.5333,78.85400000000006,82,98,6.64
Katsuura,JP,35.1333,140.3,50.07200000000004,80,50,0.45
Alofi,NU,-19.0595,-169.9187,71.6,100,50,2.57
Bodden Town,KY,19.2833,-81.25,82.90400000000005,58,20,5.14
Narsaq,GL,60.9167,-46.05,42.8,45,75,5.14
Nelson Bay,AU,-32.7167,152.15,61.46600000000001,100,100,2.57
Visakhapatnam,IN,17.69,83.2093,82.4,83,20,1.03
Juazeiro do Norte,BR,-7.2131,-39.3153,89.58200000000002,37,87,2.41
São João da Barra,BR,-21.6403,-41.0511,82.4,57,40,7.2
Pakxan,LA,18.3778,103.6601,79.37600000000009,58,64,1.14
Gushikawa,JP,26.3544,127.8686,63.464000000000034,82,40,2.06
Walvis Bay,NA,-22.9575,14.5053,73.4,49,0,2.06
Polignano a Mare,IT,40.9959,17.2159,46.76000000000008,39,0,3.09
Villavicencio,CO,4.142,-73.6266,85.892,60,35,2.1
Cayenne,GF,4.9333,-52.3333,82.4,83,75,1.54
Tabou,CI,4.423,-7.3528,80.85200000000009,83,7,3.47
Belyy Yar,RU,53.6039,91.3903,35.6,93,40,1.0
Muli,MV,2.9167,73.5667,83.33600000000007,65,80,4.21
Bengkulu,ID,-3.8004,102.2655,75.93800000000005,88,73,2.2
Kollam,IN,8.8833,76.6,86.0,74,40,1.54
Iquitos,PE,-3.7481,-73.2472,89.6,62,75,1.54
Broome,US,42.2506,-75.833,69.9260000000001,34,1,6.17
Manoel Urbano,BR,-8.8389,-69.2597,88.91600000000001,60,100,0.87
Porto-Novo,BJ,6.4965,2.6036,86.0,79,20,6.69
Richards Bay,ZA,-28.783,32.0377,69.87200000000004,89,19,2.43
Geraldton,AU,-28.7667,114.6,73.4,49,99,7.72
Rayevskiy,RU,54.0658,54.9468,34.32200000000004,97,93,3.39
Neepawa,CA,50.2289,-99.4664,57.2,41,40,3.6
Merauke,ID,-8.4667,140.3333,78.94400000000007,79,93,4.16
Ilulissat,GL,69.2167,-51.1,33.8,75,75,7.2
Beringovskiy,RU,63.05,179.3167,-12.099999999999952,97,54,1.33
Ishigaki,JP,24.3448,124.1572,71.38399999999999,66,21,4.69
Kavieng,PG,-2.5744,150.7967,78.74600000000005,86,100,4.05
Shahr-e Bābak,IR,30.1165,55.1186,62.74400000000007,11,9,0.74
Luganville,VU,-15.5333,167.1667,77.64800000000002,85,100,2.2
Muros,ES,42.7762,-9.0603,58.46000000000008,82,32,4.47
Ilhabela,BR,-23.7781,-45.3581,77.05400000000006,69,2,5.47
Mount Isa,AU,-20.7333,139.5,77.0,36,26,2.57
Verkhnevilyuysk,RU,63.4453,120.3167,15.368000000000084,94,100,3.17
Poum,NC,-20.2333,164.0167,76.58600000000007,91,100,8.1
Alakurtti,RU,66.9672,30.3491,24.512000000000057,93,100,1.81
Ajdabiya,LY,30.7554,20.2263,67.08200000000002,47,98,8.24
Panórama,GR,40.5878,23.0315,46.07600000000009,70,20,1.54
Mortka,RU,59.3322,66.0214,35.52800000000006,95,98,4.32
Ambanja,MG,-13.6833,48.45,74.57000000000006,93,100,1.74
Olafsvik,IS,64.8945,-23.7142,25.898000000000025,49,6,6.66
Comodoro Rivadavia,AR,-45.8667,-67.5,64.4,48,0,1.54
Srednekolymsk,RU,67.45,153.6833,2.3180000000000867,93,100,1.17
Kent,GB,51.1667,0.6667,45.42800000000007,66,100,0.45
Kirakira,SB,-10.4544,161.9205,79.358,81,100,3.05
Minot,US,48.2325,-101.2963,59.288000000000046,17,1,2.06
Dembī Dolo,ET,8.5333,34.8,67.85600000000002,38,85,1.98
Salalah,OM,17.0151,54.0924,82.4,65,0,1.54
Kaifeng,CN,34.7911,114.3483,53.6,66,0,1.0
Pacifica,US,37.6138,-122.4869,55.76000000000008,71,75,5.14
Morón,AR,-34.6534,-58.6198,79.07000000000006,65,0,2.06
Nago,JP,26.5881,127.9761,63.64400000000008,82,40,2.06
Derzhavīnsk,KZ,51.1,66.3167,33.02600000000009,96,37,3.22
Mombaça,BR,-5.7431,-39.6275,92.858,33,56,4.2
Kuminskiy,RU,58.6667,66.5667,37.61600000000001,97,100,3.55
Tāybād,IR,34.74,60.7756,66.83000000000004,31,97,3.39
Yangi Marg`ilon,UZ,40.4272,71.7189,55.400000000000006,47,0,3.09
Hinckley,GB,52.5389,-1.3761,48.992,57,40,4.63
Amlapura,ID,-8.45,115.6167,78.80000000000001,89,20,2.06
Huarmey,PE,-10.0681,-78.1522,74.49800000000002,77,51,4.63
Houston,US,29.7633,-95.3633,84.12800000000007,42,1,3.6
Toktogul,KG,41.8708,72.9402,47.33600000000007,54,1,2.03
Artigas,UY,-30.4,-56.4667,87.53000000000004,40,92,6.51
Urucará,BR,-2.5364,-57.76,87.83600000000007,60,100,2.7
Russell,US,32.3502,-85.1999,75.36200000000005,64,90,5.14
Camacha,PT,33.0833,-16.3333,68.0,73,40,5.14
Mariehamn,AX,60.0973,19.9348,37.4,75,0,4.63
Arrondissement de Troyes,FR,48.3333,4.0833,44.978000000000065,65,0,1.54
Montepuez,MZ,-13.1256,38.9997,67.22600000000008,94,22,1.75
Maniitsoq,GL,65.4167,-52.9,31.76600000000001,98,100,15.39
Port-Gentil,GA,-0.7193,8.7815,84.2,79,20,5.66
Marechal Deodoro,BR,-9.7103,-35.895,84.2,65,40,6.17
Glazov,RU,58.1394,52.6584,36.28399999999999,97,100,5.81
Kuusamo,FI,65.9667,29.1833,28.4,74,0,3.09
Kiryat Gat,IL,31.61,34.7642,60.27800000000006,100,61,2.24
Shuangyang,CN,43.5242,125.6736,29.641999999999996,73,20,1.0
Visby,SE,57.6409,18.296,38.858000000000004,75,0,3.6
Yar-Sale,RU,66.8333,70.8333,30.614000000000033,83,100,5.83
Mindelo,CV,16.8901,-24.9804,75.2,60,20,14.92
Réo,BF,12.3167,-2.4667,95.88200000000002,6,86,4.16
Ostrovnoy,RU,68.0531,39.5131,33.17000000000006,98,100,3.98
Kassala,SD,15.451,36.4,96.49400000000007,17,8,4.36
Madang,PG,-5.2246,145.7966,75.45200000000008,91,100,3.44
Bathsheba,BB,13.2167,-59.5167,86.0,54,40,6.17
Inhambane,MZ,-23.865,35.3833,75.092,83,20,2.06
Belmonte,BR,-15.8631,-38.8828,75.2,88,75,2.06
Slave Lake,CA,55.2834,-114.769,26.6,68,40,7.72
Ancud,CL,-41.8697,-73.8203,51.854000000000056,72,75,3.6
Dakar,SN,14.6937,-17.4441,75.2,64,0,7.2
Santa Cruz Cabrália,BR,-16.2781,-39.0247,75.2,88,75,2.06
Priargunsk,RU,50.3691,119.1012,39.23600000000007,48,15,1.46
Les Cayes,HT,18.2,-73.75,80.94200000000001,71,100,3.66
Rawson,AR,-43.3002,-65.1023,67.71200000000006,37,100,1.45
Chicama,PE,-7.8447,-79.1469,69.80000000000001,83,75,5.66
Dębno,PL,52.739,14.698,41.288000000000046,58,100,1.34
Oranjestad,AW,12.524,-70.027,84.2,70,40,8.75
Honiara,SB,-9.4333,159.95,75.2,96,100,1.24
Shenzhen,CN,22.5455,114.0683,63.91400000000003,99,100,0.45
Makakilo City,US,21.3469,-158.0858,71.69000000000003,53,1,4.12
Omboué,GA,-1.5746,9.2618,80.11400000000003,88,100,3.29
Vestmanna,FO,62.1564,-7.1664,28.4,69,75,13.38
Limoeiro do Ajuru,BR,-1.8953,-49.3806,81.87800000000007,74,100,1.63
Kenai,US,60.5544,-151.2583,24.170000000000062,86,90,4.12
Castro,BR,-24.7911,-50.0119,72.98600000000008,62,70,2.43
Kloulklubed,PW,7.0419,134.2556,78.80000000000001,89,40,1.54
Dzhebariki-Khaya,RU,62.2167,135.8,9.590000000000021,90,100,1.34
Nikki,BJ,9.9401,3.2108,93.83000000000004,18,46,2.13
Grindavik,IS,63.8424,-22.4338,24.8,58,75,10.29
Lena,ES,43.1,-5.7333,56.66000000000008,67,100,0.89
Cidreira,BR,-30.1811,-50.2056,76.4600000000001,77,36,9.22
Severo-Kuril'sk,RU,50.6789,156.125,31.928000000000065,81,100,19.93
Ovruch,UA,51.3246,28.8035,33.98000000000004,77,90,3.03
Zheleznogorsk-Ilimskiy,RU,56.5768,104.1217,29.966000000000008,88,97,2.3
Lopandino,RU,52.4666,34.8163,33.29600000000005,78,13,4.21
Sawākin,SD,19.1059,37.3321,80.61800000000008,77,73,5.18
Fairmont,US,39.4851,-80.1426,80.06000000000009,24,40,6.69
Qaqortoq,GL,60.7167,-46.0333,42.8,45,75,5.14
Konya Province,TR,38.1667,32.5,57.2,44,40,6.17
San Diego,US,32.7153,-117.1573,67.91000000000008,68,75,3.6
Areosa,PT,41.7178,-8.8571,58.49600000000005,77,0,1.03
Kieta,PG,-6.2167,155.6333,79.142,84,100,4.29
Bilokurakyne,UA,49.5341,38.7307,43.952000000000076,47,100,2.1
Lorengau,PG,-2.0226,147.2712,82.02200000000005,81,100,6.68
Kahului,US,20.8947,-156.47,68.52200000000005,73,40,7.72
Sassandra,CI,4.95,-6.0833,80.88800000000005,84,20,3.03
Fort Nelson,CA,58.8053,-122.7002,17.6,67,20,3.6
Hailar,CN,49.2,119.7,37.52600000000009,44,72,3.31
Surovikino,RU,48.6078,42.8486,47.26400000000003,67,100,6.29
Riyadh,SA,24.6877,46.7219,84.66800000000009,23,0,1.54
Wenling,CN,28.3669,121.36,57.00200000000008,77,100,2.96
Tuktoyaktuk,CA,69.4541,-133.0374,-14.799999999999947,70,20,2.56
Vardø,NO,70.3705,31.1107,32.0,80,40,5.14
Damietta,EG,31.4165,31.8133,62.6,77,0,5.66
Matiguás,NI,12.8373,-85.4622,82.4,54,40,6.17
Vila Franca do Campo,PT,37.7167,-25.4333,60.8,82,40,9.26
Kuril'sk,RU,45.2333,147.8833,29.138000000000044,96,100,8.08
Agadez,NE,19.75,10.25,86.75600000000003,6,100,2.38
Ust'-Kulom,RU,61.6864,53.6902,37.562000000000054,96,100,6.6
Codrington,AU,-38.2667,141.9667,55.688000000000045,69,100,6.85
Galesong,ID,-5.3166,119.3661,75.2,94,20,1.03
Lishui,CN,28.4604,119.9103,51.78200000000002,94,100,0.85
Sterling,US,39.0062,-77.4286,70.75400000000005,40,75,4.63
East London,ZA,-33.0153,27.9116,69.80000000000001,83,20,1.03
Pong,TH,19.1493,100.2752,75.88399999999999,70,3,0.52
Pastos Bons,BR,-6.6017,-44.0767,89.2760000000001,47,71,2.82
Salinópolis,BR,-0.6136,-47.3561,82.11200000000005,77,98,4.71
Katherine,AU,-14.4667,132.2667,73.4,88,44,1.2
Warrington,GB,53.3925,-2.5802,48.66800000000009,62,100,9.77
Kisesa,TZ,-3.0833,34.15,64.184,89,50,3.43
Kaitangata,NZ,-46.2817,169.8464,48.992,96,1,1.79
Arman',RU,59.7,150.1667,4.820000000000061,82,3,3.63
Kaseda-shirakame,JP,31.4167,130.3167,44.6,81,20,0.51
Hadejia,NG,12.4498,10.0444,93.75800000000001,8,71,3.47
Ussel,FR,45.55,2.3167,41.75600000000003,43,100,0.45
Maralal,KE,1.0968,36.698,62.99600000000005,75,95,3.34
Kailua,US,21.4022,-157.7394,71.87000000000006,53,20,7.2
Lavrentiya,RU,65.5833,-171.0,-14.061999999999955,88,5,1.7
Vilyuysk,RU,63.7553,121.6247,15.854000000000052,95,100,3.09
Novochernorechenskiy,RU,56.2669,91.0828,29.228000000000065,95,100,0.59
Port Moresby,PG,-9.4431,147.1797,75.2,94,75,4.12
Khanbari,NP,27.3747,87.2039,67.04600000000005,51,39,2.26
Belize,BZ,17.25,-88.75,87.99800000000002,67,92,3.34
Lukulu,ZM,-14.3707,23.242,67.64000000000001,56,96,2.63
Tequila,MX,20.8833,-103.8333,87.04400000000007,13,1,2.06
Benguela,AO,-12.5763,13.4055,81.24800000000002,84,44,1.74
Meulaboh,ID,4.1363,96.1285,76.98200000000003,88,96,2.13
Talnakh,RU,69.4865,88.3972,12.164000000000033,84,100,1.46
Saldanha,ZA,-33.0117,17.9442,64.4,77,88,4.12
Novy Urengoy,RU,66.0833,76.6333,1.0580000000000531,98,71,1.81
Canutama,BR,-6.5339,-64.3831,93.84800000000003,43,100,1.09
Bozeman,US,45.6796,-111.0386,38.31800000000008,75,90,11.32
Dargaville,NZ,-35.9333,173.8833,59.88200000000002,90,100,2.16
Divinópolis,BR,-20.1389,-44.8839,71.13200000000002,76,100,0.28
Korla,CN,41.7597,86.1469,55.58000000000004,46,94,2.86
Margate,GB,51.3813,1.3862,46.58000000000004,52,100,1.79
Hamilton,US,39.1834,-84.5333,64.5260000000001,82,75,5.14
Freeport,US,40.6576,-73.5832,64.68800000000005,45,1,4.63
Quelimane,MZ,-17.8786,36.8883,71.07800000000006,78,6,2.17
Saint-Pierre,RE,-21.3393,55.4781,79.32200000000003,74,40,1.54
Solsona,ES,41.994,1.5171,48.938000000000045,71,100,2.24
Annigeri,IN,15.4333,75.4333,81.32000000000006,50,99,2.92
Kiama,AU,-34.6833,150.8667,63.266000000000005,88,100,2.74
Uray,RU,60.1247,64.7758,31.04600000000005,95,16,2.92
Rosarito,MX,32.3333,-117.0333,68.61200000000005,60,1,3.64
Maceió,BR,-9.6658,-35.7353,84.2,65,40,6.17
Marquette,US,46.5333,-87.6335,62.492,72,90,5.66
Rio Grande,BR,-32.035,-52.0986,81.66200000000006,65,0,10.29
Colinas,BR,-6.0258,-44.2492,90.37400000000002,47,54,2.22
Pemberton,CA,50.3164,-122.8027,41.0,75,75,1.03
Magistral'nyy,RU,56.1725,107.4458,31.604000000000052,94,100,1.57
Charlestown,AU,-32.95,151.6667,60.8,95,99,1.34
Monrovia,LR,6.3005,-10.7969,84.2,84,20,2.06
Barbate,ES,36.1924,-5.9219,61.483999999999995,67,0,8.23
Segamat,MY,2.5148,102.8158,77.0,94,40,1.54
San Cristobal,VE,7.7669,-72.225,89.6,55,40,4.12
Dondo,MZ,-19.6094,34.7431,78.40400000000005,73,20,1.49
Coquimbo,CL,-29.9533,-71.3436,66.2,63,0,6.17
Yenagoa,NG,4.9247,6.2642,80.24000000000002,86,100,2.78
Bandarbeyla,SO,9.4942,50.8122,77.64800000000002,60,11,2.33
Lata,PT,40.1629,-8.3327,61.95200000000008,72,20,3.09
Sakakah,SA,29.9697,40.2064,82.4,11,0,6.17
Mehamn,NO,71.0357,27.8492,30.2,74,20,1.03
Hofn,IS,64.2539,-15.2082,24.92600000000009,56,100,9.88
Puerto Nariño,CO,-3.7703,-70.3831,89.6,62,40,2.57
Thunder Bay,CA,48.4001,-89.3168,42.854000000000056,93,90,5.66
Tazmalt,DZ,36.3868,4.3989,59.486000000000075,71,49,1.64
Kidal,ML,18.4411,1.4078,90.86000000000008,7,100,2.89
Tutóia,BR,-2.7619,-42.2744,87.80000000000001,74,75,6.69
Ambovombe,MG,-25.1667,46.0833,73.5260000000001,85,17,5.95
Muravlenko,RU,63.7898,74.523,29.732000000000017,89,100,3.21
Kruisfontein,ZA,-34.0033,24.7314,64.00400000000005,91,5,0.89
Teya,RU,60.3778,92.6267,29.462000000000057,96,99,1.27
Bireun,ID,5.203,96.7009,77.88200000000002,84,53,2.22
Callaguip,PH,18.0714,120.4867,77.0,78,20,2.06
Plácido de Castro,BR,-10.3353,-67.1856,82.43600000000006,84,100,1.33
Manono,CD,-7.3,27.4167,70.98800000000006,93,99,1.65
Naryan-Mar,RU,67.6713,53.087,38.01200000000006,93,100,10.52
Horasan,TR,40.0458,42.1728,49.190000000000026,62,82,1.23
Puerto Madryn,AR,-42.7692,-65.0385,65.96600000000001,41,41,3.26
Berlevåg,NO,70.8578,29.0864,24.8,80,20,1.03
Oktyabr'skiy,RU,54.4815,53.471,36.842,96,100,3.27
Yzeure,FR,46.5644,3.355,50.88200000000002,43,0,2.06
Tsabong,BW,-26.0217,22.401,75.18200000000002,44,0,0.68
San Alberto,CO,7.7611,-73.3922,88.84400000000008,63,57,1.53
Muisne,EC,0.6,-80.0333,84.2,79,20,4.12
Fallon,US,39.4735,-118.7774,60.42200000000004,14,40,5.66
Novobessergenevka,RU,47.1847,38.8462,44.99600000000005,61,99,7.15
Homer,US,59.6425,-151.5483,24.872000000000035,74,90,2.57
Inírida,CO,3.8653,-67.9239,76.13600000000008,93,100,1.83
Makkah al Mukarramah,SA,21.4267,39.8261,81.86000000000008,40,100,2.11
Tazovsky,RU,67.4667,78.7,-5.745999999999945,94,21,1.45
Wagar,SD,16.1525,36.2032,96.58399999999999,19,47,3.08
Bilibino,RU,68.0546,166.4372,-18.813999999999986,97,30,1.81
Verkhnyaya Toyma,RU,62.2349,44.9985,37.65200000000008,94,100,6.58
Omsukchan,RU,62.5333,155.8,-12.981999999999964,99,91,2.19
Yerbogachën,RU,61.2767,108.0108,17.456000000000028,88,100,4.48
Chapais,CA,49.7834,-74.8492,51.8,71,90,2.06
Nuevo Casas Grandes,MX,30.4167,-107.9167,82.00400000000005,8,59,5.81
Tuy Hoa,VN,13.0833,109.3,73.4,92,20,1.75
Williston,US,48.147,-103.618,67.94600000000005,28,0,1.79
Marmaris,TR,36.855,28.2742,60.13399999999999,77,75,4.63
La Ronge,CA,55.1001,-105.2842,42.8,65,100,4.12
Cañon City,US,38.441,-105.2424,69.22400000000002,11,1,3.09
Utete,TZ,-7.986,38.758,72.69800000000004,93,91,1.28
Löbau,DE,51.1,14.6667,34.05200000000008,69,56,1.79
Tessalit,ML,20.1986,1.0114,88.57400000000001,9,0,4.39
Namatanai,PG,-3.6667,152.4333,75.57800000000006,93,100,2.89
Puro,PH,12.4841,123.3827,78.38600000000008,77,100,3.49
Lábrea,BR,-7.2586,-64.7981,88.16000000000008,61,100,0.11
Hualmay,PE,-11.0964,-77.6139,74.33600000000007,75,74,4.24
Badou,TG,7.5833,0.6,79.84400000000008,72,68,1.35
Guymon,US,36.6828,-101.4816,75.2,19,1,8.23
Adrar,MR,20.5022,-10.0711,85.62200000000004,12,0,1.75
Noumea,NC,-22.2763,166.4572,78.31400000000004,65,0,1.03
Carutapera,BR,-1.195,-46.02,81.48200000000003,80,83,4.03
Roald,NO,62.5833,6.1333,35.76200000000006,87,75,4.63
Solwezi,ZM,-12.1688,26.3894,60.26000000000008,92,39,1.31
Saint Anthony,US,45.0205,-93.218,59.342,94,90,3.09
Mayo,US,38.8876,-76.5119,63.48200000000001,55,1,3.09
Acapulco de Juárez,MX,16.8634,-99.8901,86.0,66,1,3.6
Faya,SA,18.3851,42.4509,68.0,45,0,3.6
Mendota,US,36.7536,-120.3816,62.564000000000036,51,1,3.6
Bintulu,MY,3.1667,113.0333,75.092,94,20,1.54
Vila Velha,BR,-20.3297,-40.2925,76.35200000000009,88,75,2.06
Uruçuí,BR,-7.2294,-44.5561,92.69600000000005,38,84,2.74
San Fernando del Valle de Catamarca,AR,-28.4696,-65.7852,80.52800000000008,73,100,1.34
‘Āhuimanu,US,21.4447,-157.8378,72.21200000000006,53,20,7.2
Kandiari,PK,26.9156,68.5216,84.308,9,7,3.19
Ozernovskiy,RU,51.5,156.5167,33.02600000000009,66,100,13.72
Sucúa,EC,-2.4667,-78.1667,78.80000000000001,69,75,2.57
Kendari,ID,-3.945,122.4989,74.78600000000007,94,100,1.77
Ayaviri,PE,-14.8864,-70.5889,57.88399999999999,47,98,2.01
Avera,US,33.194,-82.5271,77.59400000000008,38,75,5.14
Rādhanpur,IN,23.8333,71.6,85.28000000000004,16,0,2.92
Sechura,PE,-5.5569,-80.8222,80.76200000000006,61,35,4.7
Sibolga,ID,1.7427,98.7792,76.58600000000007,90,100,1.31
Barcelona,ES,41.3888,2.159,53.978000000000065,62,0,4.63
Lādwa,IN,29.9944,77.0444,73.20200000000008,13,0,2.7
Betioky,MG,-23.7167,44.3833,73.81400000000004,63,43,2.97
Esperance,AU,-33.8667,121.9,60.8,94,90,3.6
Maun,BW,-19.9833,23.4167,77.0,38,0,3.09
Marawi,PH,7.9986,124.2928,75.99199999999999,89,98,1.79
Santa Maria,BR,-29.6842,-53.8069,91.4,35,20,3.09
Sicamous,CA,50.8331,-118.9856,46.13000000000004,42,96,1.03
Blytheville,US,35.9273,-89.919,62.18600000000007,55,90,6.69
Xining,CN,36.6167,101.7667,39.57800000000007,93,100,1.58
Lowestoft,GB,52.4752,1.7516,51.00800000000001,65,100,2.24
Shingū,JP,33.7333,135.9833,49.280000000000044,79,37,2.62
Mossamedes,AO,-15.1961,12.1522,79.934,67,81,3.09
Trang,TH,7.5,99.5,75.59600000000006,88,14,1.06
Pionerskiy,RU,54.9508,20.2275,38.55200000000008,81,0,5.0
Klaksvík,FO,62.2266,-6.589,28.4,69,75,13.38
Nansio,TZ,-2.1333,33.05,71.6,83,75,3.09
Opuwo,NA,-18.0607,13.84,78.20600000000003,41,49,3.62
Krasnoarmiys'k,UA,48.282,37.1758,41.68399999999999,49,100,2.84
Paamiut,GL,61.994,-49.6678,34.754000000000055,76,100,10.67
Killybegs,IE,54.6333,-8.45,44.22200000000004,100,90,7.72
Breytovo,RU,58.2993,37.8617,33.54800000000002,83,100,5.73
Port Macquarie,AU,-31.4333,152.9167,59.522000000000034,99,54,2.07
Tura,IN,25.5198,90.2201,72.35600000000002,73,0,2.44
Manado,ID,1.487,124.8455,75.2,94,20,1.03
Murino,RU,60.0494,30.4459,36.01400000000003,64,0,4.0
The Pas,CA,53.8251,-101.2541,48.2,40,90,8.75
Lamar,US,33.6668,-95.5836,74.46200000000006,28,1,4.12
Reconquista,AR,-29.15,-59.65,84.36200000000005,60,74,6.29
Fes,MA,34.0372,-4.9998,66.2,68,75,3.09
Abu Samrah,SY,35.3029,37.1841,62.76200000000006,50,100,3.16
Belogorsk,RU,50.9158,128.4611,27.482000000000017,80,4,2.53
Östersund,SE,63.1792,14.6357,32.504000000000055,47,100,4.12
Ushtobe,KZ,45.2514,77.9838,51.81800000000008,59,4,4.02
Yumen,CN,40.2833,97.2,51.76400000000004,36,100,4.86
Morro Bay,US,35.3658,-120.8499,62.438000000000045,78,50,2.68
Buala,SB,-8.145,159.5921,77.28800000000004,95,100,5.51
Batemans Bay,AU,-35.7167,150.1833,57.88399999999999,97,100,2.22
Grand-Santi,GF,4.25,-54.3833,78.83600000000007,87,100,1.67
Sulangan,PH,11.1373,123.7228,80.69000000000003,75,70,5.89
Tombouctou,ML,20.0,-3.0,89.78000000000004,10,0,3.54
Thanh Hoa,VN,19.8,105.7667,73.04000000000002,94,3,1.75
Kondinskoye,RU,59.6481,67.41,32.360000000000085,92,13,4.84
Ngara,TZ,-2.5122,30.6558,57.07400000000001,96,100,0.34
Kayerkan,RU,69.3497,87.7602,9.788000000000043,86,100,0.64
Guánica,PR,17.9716,-66.908,79.64600000000004,76,100,0.89
Nuuk,GL,64.1835,-51.7216,33.38600000000007,80,90,16.46
Samaro,PK,25.2815,69.3965,84.34400000000008,17,0,4.1
Monterey,US,36.2505,-121.2516,59.792,58,1,3.09
Arrondissement du Havre,FR,49.5833,0.3333,44.52800000000006,70,0,2.57
Fairbanks,US,64.8378,-147.7164,8.38399999999999,72,75,4.04
Banjar,ID,-8.19,114.9675,78.80000000000001,89,20,2.06
Port Hedland,AU,-20.3167,118.5667,78.80000000000001,94,63,3.09
Povenets,RU,62.8487,34.8262,32.99000000000002,84,100,4.23
Ati,TD,13.2154,18.3353,92.174,8,100,4.75
Forsytheganj,BY,52.6333,29.7333,33.89000000000002,86,63,3.01
Puerto Madero,MX,14.7208,-92.4215,95.0,38,40,4.63
Leh,IN,34.1667,77.5833,28.291999999999994,40,3,2.28
Praia da Vitória,PT,38.7333,-27.0667,61.46600000000001,77,40,9.09
Bugene,TZ,-1.5911,31.1403,58.352000000000075,96,98,1.21
Booué,GA,-0.0921,11.9385,75.86600000000001,94,100,1.77
Mwense,ZM,-10.3845,28.698,65.53399999999999,93,16,1.65
Hambantota,LK,6.1241,81.1185,75.2,100,40,3.17
Vilhena,BR,-12.7406,-60.1458,75.2,94,40,2.06
Chancay,PE,-11.5714,-77.2672,72.842,68,0,3.09
Naze,JP,28.3667,129.4833,62.150000000000006,69,100,2.78
Marsh Harbour,BS,26.5412,-77.0636,72.0680000000001,53,70,3.56
China,MX,25.7,-99.2333,94.94600000000005,29,6,4.34
Temirtau,KZ,50.0544,72.9483,46.4,66,0,6.0
Zhuhai,CN,22.2769,113.5678,68.0,94,40,7.2
Bratsk,RU,56.1325,101.6142,32.0,74,30,5.0
San Andrés,CO,12.5847,-81.7006,86.0,66,75,6.17
Troitskoye,RU,52.9821,84.6757,30.56000000000008,95,83,2.22
Vao,NC,-22.6667,167.4833,77.52200000000005,80,44,9.98
Paphos,CY,34.7667,32.4167,55.940000000000026,77,0,3.6
Arrondissement de Morlaix,FR,48.5833,-4.0,46.32800000000007,76,75,2.57
Asău,RO,46.4333,26.4,39.110000000000085,48,40,0.51
Taksimo,RU,56.3444,114.8794,27.662000000000056,90,100,1.36
Gambo,CF,4.6482,22.2633,70.05200000000008,96,96,0.43
Sola,VU,-13.8833,167.55,82.88600000000008,71,100,4.34
Inuvik,CA,68.3499,-133.7218,-8.517999999999986,70,100,4.12
